time,Es,sigma,S,A,W
0,0,0,30.03,60.25,303.97
1320,1.0521387283237,0.251560693641618,,,
