time,S,A,W,Es,sigma
0,37.96,464.74,23.77,0,0
20,,,,5.7971098265896,0.554190751445087
40,,,,8.90173410404625,0.141618497109827
60,,,,11.9752167630058,0.147832369942197
120,,,,19.3411849710983,0.79349710982659
180,,,,23.1333815028902,0.985982658959538
300,,,,25.2771676300578,0.168352601156069
2784,,,,32.2514450867052,0.541907514450867
