time,S,A,W,Es,sigma
0,30.03,60.25,303.97,0,1
1320,,,,1.0521387283237,0.251560693641618
