time,Es,sigma,S,A,W
0,0,0,40.47,121.49,24.3
30,6.92760115606936,0.320520231213873,,,
63,10.7872832369942,0.45,,,
90,12.7203757225434,0.204046242774566,,,
125,16.2650289017341,0.441473988439306,,,
150,17.7242774566474,0.210838150289017,,,
183,18.7734104046243,1.01734104046243,,,
225,18.7183526011561,0.290173410404624,,,
270,20.1778901734104,0.38757225433526,,,
305,20.1664739884393,1.12153179190751,,,
1440,25.4690751445087,3.41054913294798,,,
1480,23.0537572254335,1.83367052023121,,,
