time,Es,sigma,S,A,W
0,0,0,31.03,459.06,25.89
20,4.42500098077598,0.183929887237391,,,
60,9.49160532003796,1.06764291468767,,,
130,13.7209400283679,0.522606109095229,,,
1410,18.7990655385458,0.524948578921846,,,
