reactor_length,mean,lower,upper
0.1,3.68593884582257,3.5,3.9
0.2,7.29462747631353,6.4805663221361,8.03100775193799
0.3,9.70144272179157,9.23638027562447,10.2054263565892
0.4,10.1704349698536,7.92242678725237,12.3797911283376
0.5,11.1821705426357,9.47674418604652,12.8100775193799
0.6,10.953488372093,10.5271317829457,11.4961240310078
0.7,12.2751937984496,9.833387166236,14.6007751937985
0.8,14.2558139534884,12.8992248062016,15.6511627906977
0.96,14.8045865633075,13.5643841515935,16.0450043066322
