flow_rate,mean,lower,upper
0.1,11.8375241779497,10.4061895551257,13.1914893617021
0.2,10.715667311412,8.82011605415861,12.5338491295938
0.3,9.55512572533849,8.31721470019342,10.6382978723404
0.4,7.89168278529981,6.65377176015474,9.20696324951644
0.5,6.69245647969052,5.33849129593811,7.85299806576402
